domain,keyword,answer

Engineering,AI,"Artificial Intelligence (AI) is a branch of computer science focused on creating systems capable of performing tasks that usually require human intelligence. It encompasses machine learning, deep learning, natural language processing, and computer vision. AI systems analyze data, learn patterns, and make decisions with minimal human intervention. It is transforming industries by increasing automation, improving decision-making, and enhancing efficiency. Careers in AI range from AI researchers to data scientists and software developers."

Engineering,future of AI,"The future of Artificial Intelligence holds immense promise in revolutionizing sectors like healthcare, transportation, and finance. Emerging AI technologies aim to enhance human-machine collaboration, enabling smarter automation and personalized experiences. Ethical AI and explainability are becoming critical research areas to ensure responsible deployment. Continuous advancements are expected in reinforcement learning and AI hardware optimization. The growing demand for AI professionals makes it a highly attractive career path."

Education,career after BTech,"After completing B.Tech, students can pursue various paths such as higher studies like M.Tech or MBA, join research and development sectors, or enter industries for professional work. It is also possible to apply for government jobs or prepare for competitive exams like GATE. Internships and certifications enhance employability in specialized areas including AI, robotics, and software development. Focus on building solid foundational skills and practical experience alongside academics."
Engineering,automation,"Automation involves using control systems, software, and machinery to perform tasks with reduced human intervention, improving efficiency and accuracy. It is widely used in manufacturing, process industries, and smart homes. Automation technologies include programmable logic controllers (PLCs), robotics, and industrial IoT devices. Studying automation offers exciting career options in designing and maintaining these systems to optimize production and safety. It empowers businesses to scale and innovate rapidly."

Simulation,simulation software,"Simulation software allows modeling real-world systems digitally to analyze their behavior under different scenarios without physical trials. It is extensively used in engineering fields to test designs, optimize processes, and train personnel. Examples include CAD tools for 3D modeling and dynamic simulation packages for control systems. Mastery of simulation software skills opens doors to roles in design, analysis, and research. Continuous improvements are making simulations more realistic and faster."
Engineering,robotics,"Robotics integrates mechanical engineering, electrical engineering, and computer science to design and build robots for automation, exploration, and assistance. Robots perform tasks ranging from industrial assembly to medical surgery and disaster recovery. Careers include robotic system designer, control engineer, AI programmer, and research scientist. Robotics research aims to develop autonomous, adaptable, and cost-effective machines. The field offers a blend of hardware and software challenges ideal for multidisciplinary engineers."

Education,internship,"Internships provide invaluable practical experience through real-world projects and professional environment exposure. They help bridge the gap between theoretical knowledge and industry requirements. Securing internships in reputed organizations can lead to full-time job offers and increase your network. Make sure to choose internships aligned with your career goals and demonstrate enthusiasm in learning and contribution. Develop communication and teamwork skills to maximize internship benefits."
Engineering,image processing,"Image processing involves the analysis, enhancement, and manipulation of images using algorithms on digital data. Applications include medical imaging, autonomous vehicles, and machine vision inspection systems. It requires understanding of mathematics, filters, transformations, and sometimes AI methods such as convolutional neural networks. Career opportunities are available in industries focusing on healthcare, defense, and manufacturing quality control. Continuous research pushes the boundaries of accuracy and efficiency in this domain."

General,soft skills,"Soft skills, such as communication, teamwork, critical thinking, and time management, complement technical expertise and are highly valued in professional settings. They enable effective collaboration, problem-solving, and leadership. Developing strong soft skills improves employability, career progression, and personal satisfaction. Participate in group projects, presentations, and workshops to enhance these skills. Employers increasingly prioritize candidates who can adapt and work well in diverse teams."
Education,GATE,"The Graduate Aptitude Test in Engineering (GATE) is a national-level exam for admission to postgraduate programs and some public sector jobs. It tests understanding of core engineering subjects and analytics. Preparing for GATE requires a thorough study of the syllabus, regular practice, and taking mock tests. Performing well in GATE opens opportunities for specialization and scholarships. It is also beneficial for securing jobs in government organizations and research institutes."

Programming,python,"Python is a versatile, beginner-friendly programming language widely used in AI, web development, automation, and more. Its extensive libraries and frameworks like TensorFlow, Django, and NumPy make development efficient. Learning Python involves understanding syntax, data types, libraries, and building projects. It has a massive community and plenty of learning resources, making it a great choice for students and professionals. Familiarity with Python significantly boosts career prospects in technology."

General,resume tips,"A strong resume highlights your skills, achievements, and relevant experiences clearly and concisely. Tailor your resume to the job or internship, emphasizing projects and certifications related to the role. Use bullet points with action verbs, quantify accomplishments if possible, and ensure a clean format. Avoid unnecessary personal information and grammatical errors. A professional resume gives you a competitive edge in job applications."

Engineering,matlab,"MATLAB is a high-level programming environment commonly used for numerical computation, simulations, and data visualization. It's especially popular in academia and industries like robotics, automation, signal processing, and control systems. Learning MATLAB helps you with rapid prototyping, algorithm development, and system modeling for engineering projects. Many engineering companies value MATLAB skills, and universities often integrate MATLAB applications into their curriculum. Becoming proficient in MATLAB expands your career opportunities in research and development, and complements other programming languages you may know."

Engineering, future of ai, "Future of AI points toward greater integration into daily life through increased automation, deeper personalization, and accelerated innovation, particularly in areas like healthcare and scientific research. However, this progress also necessitates a strong focus on ethical considerations, such as job displacement, data privacy, and bias, to ensure responsible development and implementation. AI is expected to move beyond basic automation to perform more complex tasks, leading to significant productivity gains and the reshaping of business models across various industries." 



Programming, C++ ,"C++ encompasses the fundamental concepts and principles that underpin the C++ programming language. These concepts are crucial for understanding how C++ programs are structured, how they interact with system resources, and how they implement various programming paradigms.


Simulation , fusion 360 ,"Fusion 360 integrates simulation tools to test designs virtually, helping engineers predict performance and optimize before manufacturing. The simulation workspace allows for setting up various analyses like static stress, thermal, and modal frequency, and includes features to simplify the model, apply materials, constraints, and loads. Results can be solved locally or via the cloud, providing data on factors such as stress, displacement, and natural frequencies to inform design decisions and evaluate manufacturability."

Simulation , solid edge, "Solid Edge Simulation uses finite element analysis (FEA) as its theoretical foundation to predict a product's real-world behavior. FEA works by breaking down a design into a finite number of small, discrete elements to approximate the physical properties of the entire object, such as its response to stress, vibration, or heat."

simulation , solidworks , "SOLIDWORKS Simulation uses the Finite Element Analysis (FEA) method to perform virtual testing and analyze a design's performance before physical prototyping. The software applies FEA to a model by dividing it into a mesh of smaller elements to calculate stresses, strains, and other factors under various real-world conditions, such as structural, thermal, or fluid loads. The "simulation theory" is the underlying mathematical and numerical principles of FEA that are used to solve complex engineering problems virtually."

Engineering, robotics,"Robotics engineering is a multidisciplinary field focused on the design, creation, and operation of robots and robotic systems. It integrates principles from mechanical, electrical, and computer engineering, as well as artificial intelligence, to develop solutions for a wide range of tasks in industries like manufacturing, healthcare, aerospace, and agriculture. Robotics engineers work on everything from the physical structure of robots to the software that controls their behavior and ensures their functionality."

Engineering, automation,"Automation engineering involves designing, developing, and managing systems that use technology to automate processes, making them more efficient and reliable. Automation engineers program, test, and build automated machinery and software to minimize human intervention in tasks across various industries like manufacturing, healthcare, and IT. "

General,automation,"Automation is the use of technology to perform tasks with minimal human intervention by using machines, computer programs, or other automated systems to execute predefined instructions. It is applied across many fields, including manufacturing, IT, and business processes, to increase efficiency, reduce errors, and improve productivity. Automation relies on pre-programmed rules, algorithms, and automatic feedback to control a process."

General,Gk,"GK, or general knowledge, is broad, accumulated information across various subjects like history, science, and current events, as opposed to specialized knowledge. It helps with critical thinking, confidence, and success in academics and competitive exams by providing a well-rounded understanding of the world."

General,arts and culture,"Arts and culture encompass the shared values, beliefs, and practices of a group of people, expressed through creative and intellectual activities like visual arts, literature, music, and dance. Arts and culture are vital for a nation's identity and development, offering a way to understand the world, connect people, and preserve heritage. They also have a positive impact on mental and physical well-being and help develop critical thinking skills."

General,science and Technology,"Science is the systematic study of the natural world through observation and experimentation, while technology is the application of that scientific knowledge to create tools and solve problems. Together, they drive innovation, improve efficiency, and have become essential to modern society, impacting everything from communication and healthcare to transportation and education. Both fields are crucial for economic development and addressing global challenges."

General,Social,"Social refers to human society, community, and the interaction between individuals and groups. It can describe a person's tendency to seek companionship, the relationships between people, the study of society, or online communication platforms. Key aspects include social interactions, social groups, social structures, and social media."

Engineering,computer science,"Computer science is the study of computers and computational systems, covering the theoretical foundations of information and computation as well as practical applications like algorithms, software development, and artificial intelligence. It applies principles from mathematics, engineering, and logic to design, develop, and analyze everything from hardware and software to complex systems and data processes. A professional in this field is known as a computer scientist. "

Engineering ,Machine learning,"Machine learning is a subset of artificial intelligence that allows computer systems to learn from data and improve performance over time without being explicitly programmed. It works by using algorithms to analyze large datasets, identify patterns, and make predictions or decisions. Common types include supervised learning (using labeled data), unsupervised learning (finding patterns in unlabeled data), and reinforcement learning (learning through trial and error with rewards)."

Engineering ,internship in automation ,"To get an automation internship, build a strong resume and cover letter, then find opportunities through online job portals like LinkedIn, Indeed, and Naukri.com. Network with professionals, cold email HRs, create a list of target companies, and prepare for interviews to increase your chances of success. Acquiring skills in a specific area, like software testing or industrial automation, and creating projects to showcase your abilities is also crucial."

Engineering ,Skills,"Skills for robotics include a blend of technical expertise in programming (Python, C++), mechanics, electronics, and control systems, along with soft skills like complex problem-solving, systems thinking, and communication. A strong foundation in mathematics is also essential for designing and analyzing robotic systems."

domain,keyword,answer
General,career options,Career options vary widely including engineering, medicine, arts, business, and more. It’s best to explore your interests and strengths.
Internships,internship tips,To secure internships, prepare a strong resume, apply early, network effectively, and learn relevant skills.
Robotics,robotics skills required,Key skills include programming (Python, C++), control systems, embedded systems, machine learning, and CAD modeling.
General,how to choose a career,Consider your interests, values, skills, and market demand. Career assessments and counseling help refine choices.
General,resume writing tips,Highlight achievements, use clear language, tailor to job, and keep it concise.
Technology,best programming languages,Python, JavaScript, and Java are versatile languages recommended for career development.
Internships,automation internships,Look for companies specializing in automation or robotics. Also, explore research projects and startups.
Technology,machine learning basics,Machine learning involves data preprocessing, model building, training, and evaluation using libraries like scikit-learn.
Tips,job interview preparation,Research company, practice common questions, dress professionally, and prepare questions to ask the interviewer.
Robotics,career growth in robotics,Consider continuous learning, networking, advanced degrees, and gaining hands-on experience with projects.
Automation,skills for automation field,Essential skills include PLC programming, SCADA systems, robotics, process control, and data analytics.
Technology,how to work in AI field,Build strong foundations in math, programming, data science, and participate in projects or internships.
General,importance of soft skills,Communication, teamwork, problem-solving, and adaptability are crucial for career success in any field.
General,how to improve communication skills,Practice active listening, engage in conversations, join speaking clubs, and seek constructive feedback.
General,how to write a cover letter,Personalize the letter, highlight relevant skills, explain why you fit the role, and keep it concise.
General,how to prepare for interviews,Research the company, practice common questions, dress appropriately, and prepare your own questions.
General,career options after engineering,Options include further studies, jobs in core or IT sectors, entrepreneurship, or research.
Technology,how to learn programming,Start with easy languages like Python, practice coding challenges, and build small projects.
Education,advantages of online learning,Flexible timings, self-paced, access to diverse resources, and cost-effective education.
General,how to stay motivated,Set clear goals, reward yourself, maintain a positive mindset, and connect with supportive peers.
General,importance of goal setting,Goals provide direction, improve focus, enhance motivation, and help track progress.
Education,how to prepare for competitive exams,Create a study plan, practice past papers, maintain consistency, and seek help from mentors.
General,time management tips,Prioritize tasks, avoid multitasking, use tools like calendars, and take regular breaks for efficiency.
Internships,benefits of internships,Internships provide practical experience, networking opportunities, and help in skill development.
Technology,difference between AI and ML,AI is a broad field of simulating human intelligence, while ML is a subset focusing on learning from data.
Education,top online courses for AI,Courses on Coursera, edX, and Udemy like Andrew Ng’s ML specialization are popular choices.
General,how to build a portfolio,Showcase projects, internships, and skills. Use GitHub and personal websites to display your work.
General,tips for remote jobs,Ensure stable internet, communicate clearly, stay disciplined, and maintain work-life balance.
Robotics,best books for robotics,Popular books include "Introduction to Robotics" by John J. Craig and "Robotics: Modelling, Planning and Control" by Siciliano.
General,importance of networking,Networking opens opportunities, provides mentorship, and helps learn industry trends.
General,how to handle rejection,View rejection as a learning experience, seek feedback, improve skills, and stay persistent.
General,time to start career planning,Start early during school or college, set goals, and seek guidance to explore interests.
General,what is emotional intelligence,The ability to understand and manage emotions positively to communicate effectively and empathize with others.
General,how to improve communication skills,Practice active listening, engage in conversations, join speaking clubs, and seek constructive feedback.
General,how to write a cover letter,Personalize the letter, highlight relevant skills, explain why you fit the role, and keep it concise.
General,how to prepare for interviews,Research the company, practice common questions, dress appropriately, and prepare your own questions.
General,career options after engineering,Options include further studies, jobs in core or IT sectors, entrepreneurship, or research.
Technology,how to learn programming,Start with easy languages like Python, practice coding challenges, and build small projects.
Education,advantages of online learning,Flexible timings, self-paced, access to diverse resources, and cost-effective education.
General,how to stay motivated,Set clear goals, reward yourself, maintain a positive mindset, and connect with supportive peers.
General,importance of goal setting,Goals provide direction, improve focus, enhance motivation, and help track progress.
Education,how to prepare for competitive exams,Create a study plan, practice past papers, maintain consistency, and seek help from mentors.
General,time management tips,Prioritize tasks, avoid multitasking, use tools like calendars, and take regular breaks for efficiency.
Internships,benefits of internships,Internships provide practical experience, networking opportunities, and help in skill development.
Technology,difference between AI and ML,AI is a broad field of simulating human intelligence, while ML is a subset focusing on learning from data.
Education,top online courses for AI,Courses on Coursera, edX, and Udemy like Andrew Ng’s ML specialization are popular choices.
General,how to build a portfolio,Showcase projects, internships, and skills. Use GitHub and personal websites to display your work.
General,tips for remote jobs,Ensure stable internet, communicate clearly, stay disciplined, and maintain work-life balance.
Robotics,best books for robotics,Popular books include "Introduction to Robotics" by John J. Craig and "Robotics: Modelling, Planning and Control" by Siciliano.
General,importance of networking,Networking opens opportunities, provides mentorship, and helps learn industry trends.
General,how to handle rejection,View rejection as a learning experience, seek feedback, improve skills, and stay persistent.
General,time to start career planning,Start early during school or college, set goals, and seek guidance to explore interests.
